样品编号,产地,检测项目,结果,批次
A-20001,山东寿光,铅,0.12mg/kg,B20260926-002
A-20002,浙江金华,有机磷农药,合格,B20260926-002
A-20003,福建漳州,金黄色葡萄球菌,合格,B20260926-002
A-20004,山东青岛,亚硝酸盐,1200mg/kg,B20260926-002
A-20005,山东青岛保税区（未备案）,镉,0.03mg/kg,B20260926-002
A-20006,河南郑州,瘦肉精,合格,B20260926-002
A-20006,河南郑州,瘦肉精,合格,B20260926-002
A-20001,山东寿光,铅,0.12mg/kg,B20260926-002
7BAD,江苏南京,铅,0.1mg/kg,B20260926-002
A-20007,未知产地,铅,0.1mg/kg,B20260926-002
A-20008,湖北武汉,三聚氰胺,合格,B20260926-002
A-20009,湖南长沙,铅,大约0.2,B20260926-002
A-20010,江西赣州,镉,0.08mg/kg,b20260926002
